{
    "generation": 7,
    "record": 82861,
    "weights": [
        [
            [
                0.5722336609420882,
                -0.7373748027298626
            ],
            [
                0.45009539529192744,
                0.4814389358416213
            ],
            [
                -0.1920274948701075,
                -0.06283772092389722
            ]
        ],
        [
            [
                0.6553690822734861,
                -0.10482920116275934
            ],
            [
                -0.046747338988325615,
                0.06600392499691382
            ]
        ]
    ]
}